typ_skoly,nabidek,mista,prihlasky,prijati,naplnenost_mist,prijatych_na_prihlasku,nevesli_se_kvuli_kapacite,nabidek_kde_se_nekdo_nevesel,nabidek_bez_prihlasky
SOU s výuč. listem,1245,9179,12083,3740,0.41,0.31,1780,253,102
SOŠ,635,6451,8484,2607,0.4,0.31,919,100,29
SOU s maturitou,204,1945,2287,697,0.36,0.3,242,22,27
Gymnázia 4letá,98,1790,1623,573,0.32,0.35,79,12,0
Lycea,123,1612,2249,712,0.44,0.32,269,24,1
Nástavby,64,583,859,272,0.47,0.32,80,12,7
SOU bez výuč. listu,74,336,121,80,0.24,0.66,6,2,31
Gymnázia 8letá,32,246,791,200,0.81,0.25,312,26,0
Gymnázia 6letá,11,94,477,84,0.89,0.18,227,10,0
Konzervatoře,32,79,63,26,0.33,0.41,0,0,13
