kraj,obec,skola,redizo,adresa,obory_z_rejstriku
Jihomoravský kraj,Brno,"Konzervatoř Brno, příspěvková organizace",600013430,"třída Kpt. Jaroše 1890/45, 602 00 Brno – Černá Pole",Hudba (82-44-P/01); Zpěv (82-45-P/01); Hudebně dramatické umění (82-47-P/01)
Jihomoravský kraj,Brno,"Taneční konzervatoř Brno, příspěvková organizace",600013812,"Nejedlého 375/3, 638 00 Brno – Lesná",Tanec (82-46-P/01)
Zlínský kraj,Kroměříž,Konzervatoř P. J. Vejvanovského Kroměříž,600014967,"Pilařova 7/1, 767 01 Kroměříž",Hudba (82-44-P/01); Zpěv (82-45-P/01)
Olomoucký kraj,Olomouc,Konzervatoř Evangelické akademie,600015025,"Wurmova 526/13, 779 00 Olomouc",Hudba (82-44-P/01); Zpěv (82-45-P/01)
Moravskoslezský kraj,Opava,Církevní konzervatoř Německého řádu,610550659,"Beethovenova 235/1, 746 01 Opava – Město",Hudba (82-44-P/01); Zpěv (82-45-P/01); Hudebně dramatické umění (82-47-P/01)
Moravskoslezský kraj,Ostrava,"Janáčkova konzervatoř v Ostravě, příspěvková organizace",600017524,"Českobratrská 958/40, 702 00 Ostrava – Moravská Ostrava",Hudba (82-44-P/01); Zpěv (82-45-P/01); Tanec (82-46-P/01); Současný tanec (82-46-P/02); Hudebně dramatické umění (82-47-P/01)
Pardubický kraj,Pardubice,Konzervatoř Pardubice,600012336,"Sukova třída 1260, 530 02 Pardubice – Zelené Předměstí",Hudba (82-44-P/01); Zpěv (82-45-P/01)
Plzeňský kraj,Plzeň,"Konzervatoř, Plzeň, Kopeckého sady 10",600009441,"Kopeckého sady 328/10, 301 00 Plzeň – Vnitřní Město",Hudba (82-44-P/01); Zpěv (82-45-P/01)
Hlavní město Praha,Praha,"Gymnázium, střední odborná škola a Pražská taneční konzervatoř, s.r.o.",600005666,"Laudova 1024/10, 163 00 Praha 6 – Řepy",Tanec (82-46-P/01)
Hlavní město Praha,Praha,"Konzervatoř Duncan centre, Praha 4, Branická 41",600005062,"Branická 145/41, 147 00 Praha 4 – Braník",Současný tanec (82-46-P/02)
Hlavní město Praha,Praha,Konzervatoř a Vyšší odborná škola Jaroslava Ježka,600004660,"Roškotova 1692/4, 140 00 Praha 4 – Braník",Hudba (82-44-P/01); Zpěv (82-45-P/01); Hudebně dramatické umění (82-47-P/01)
Hlavní město Praha,Praha,"Konzervatoř a střední škola Jana Deyla, státní příspěvková organizace",600020738,"Maltézské náměstí 476/14, 118 00 Praha 1 – Malá Strana",Hudba (82-44-P/01); Zpěv (82-45-P/01)
Hlavní město Praha,Praha,"Mezinárodní Konzervatoř Praha - International conservatory Prague, s.r.o.",651038880,"Olšanská 55/5, 130 00 Praha 3 – Žižkov",Hudba (82-44-P/01); Zpěv (82-45-P/01); Hudebně dramatické umění (82-47-P/01)
Hlavní město Praha,Praha,"Pražská konzervatoř, Praha 1, Na Rejdišti 1",600004538,"Na rejdišti 77/1, 110 00 Praha 1 – Staré Město",Hudba (82-44-P/01); Zpěv (82-45-P/01); Hudebně dramatické umění (82-47-P/01)
Hlavní město Praha,Praha,"Taneční centrum Praha - konzervatoř, z. ú.",600005780,"Údolní 212/1, 147 00 Praha 4 – Braník",Tanec (82-46-P/01)
Hlavní město Praha,Praha,"Taneční konzervatoř hlavního města Prahy, Praha 1, Křižovnická 7",600004601,"Křižovnická 81/7, 110 00 Praha 1 – Staré Město",Tanec (82-46-P/01)
Ústecký kraj,Teplice,"Konzervatoř, Teplice, Českobratrská 15, příspěvková organizace",600011241,"Českobratrská 862/15, 415 01 Teplice",Hudba (82-44-P/01); Zpěv (82-45-P/01)
Jihočeský kraj,České Budějovice,"Konzervatoř, České Budějovice, Kanovnická 22",600008011,"Kanovnická 391/22, 370 01 České Budějovice – České Budějovice 1",Hudba (82-44-P/01); Zpěv (82-45-P/01)
