kraj,obec,skola,redizo,obor,kkov,zamereni,forma,delka_studia,hlasi_se_z,mista,prihlasky,prijati,nevesli_se_kvuli_kapacite,nedosahli_pozadavku_skoly,prijati_na_obor_vys_na_prihlasce
Hlavní město Praha,Praha,"Gymnázium, SOŠ a Pr. taneční konzervatoř",600005666,Tanec,82-46-P/01,Tanec,den,8,5. třída,15,8,3,0,3,0
Hlavní město Praha,Praha,Konzervatoř Duncan centre,600005062,Současný tanec,82-46-P/02,82-46-M/02,den,6,9. třída,20,94,20,2,66,6
Hlavní město Praha,Praha,Konzervatoř a VOŠ Jaroslava Ježka,600004660,Hudba,82-44-P/01,82-44-M/01 Dirigování,den,6,9. třída,3,2,2,0,0,0
Hlavní město Praha,Praha,Konzervatoř a VOŠ Jaroslava Ježka,600004660,Hudba,82-44-P/01,82-44-M/01 Hra na akordeon,den,6,9. třída,1,1,0,0,0,1
Hlavní město Praha,Praha,Konzervatoř a VOŠ Jaroslava Ježka,600004660,Hudba,82-44-P/01,82-44-M/01 Hra na basovou kytaru,den,6,9. třída,8,12,7,0,3,2
Hlavní město Praha,Praha,Konzervatoř a VOŠ Jaroslava Ježka,600004660,Hudba,82-44-P/01,82-44-M/01 Hra na bicí nástroje,den,6,9. třída,3,20,3,1,14,2
Hlavní město Praha,Praha,Konzervatoř a VOŠ Jaroslava Ježka,600004660,Hudba,82-44-P/01,82-44-M/01 Hra na flétnu,den,6,9. třída,3,3,3,0,0,0
Hlavní město Praha,Praha,Konzervatoř a VOŠ Jaroslava Ježka,600004660,Hudba,82-44-P/01,82-44-M/01 Hra na housle,den,6,9. třída,5,8,5,0,2,1
Hlavní město Praha,Praha,Konzervatoř a VOŠ Jaroslava Ježka,600004660,Hudba,82-44-P/01,82-44-M/01 Hra na klavír,den,6,9. třída,6,13,6,0,7,0
Hlavní město Praha,Praha,Konzervatoř a VOŠ Jaroslava Ježka,600004660,Hudba,82-44-P/01,82-44-M/01 Hra na kontrabas,den,6,9. třída,2,2,2,0,0,0
Hlavní město Praha,Praha,Konzervatoř a VOŠ Jaroslava Ježka,600004660,Hudba,82-44-P/01,82-44-M/01 Hra na kytaru jazz,den,6,9. třída,5,7,3,0,4,0
Hlavní město Praha,Praha,Konzervatoř a VOŠ Jaroslava Ježka,600004660,Hudba,82-44-P/01,"82-44-M/01 Hra na kytaru klasik, latin",den,6,9. třída,2,1,0,0,0,1
Hlavní město Praha,Praha,Konzervatoř a VOŠ Jaroslava Ježka,600004660,Hudba,82-44-P/01,82-44-M/01 Hra na kytaru rock,den,6,9. třída,5,16,5,3,8,0
Hlavní město Praha,Praha,Konzervatoř a VOŠ Jaroslava Ježka,600004660,Hudba,82-44-P/01,82-44-M/01 Hra na saxofon,den,6,9. třída,8,13,8,0,5,0
Hlavní město Praha,Praha,Konzervatoř a VOŠ Jaroslava Ježka,600004660,Hudba,82-44-P/01,82-44-M/01 Hra na trombon,den,6,9. třída,3,1,1,0,0,0
Hlavní město Praha,Praha,Konzervatoř a VOŠ Jaroslava Ježka,600004660,Hudba,82-44-P/01,82-44-M/01 Hra na trubku,den,6,9. třída,4,0,0,0,0,0
Hlavní město Praha,Praha,Konzervatoř a VOŠ Jaroslava Ježka,600004660,Hudba,82-44-P/01,82-44-M/01 Hra na violoncello,den,6,9. třída,2,0,0,0,0,0
Hlavní město Praha,Praha,Konzervatoř a VOŠ Jaroslava Ježka,600004660,Hudba,82-44-P/01,82-44-M/01 Hra na violu,den,6,9. třída,2,0,0,0,0,0
Hlavní město Praha,Praha,Konzervatoř a VOŠ Jaroslava Ježka,600004660,Hudba,82-44-P/01,82-44-M/01 Skladba,den,6,9. třída,6,8,6,1,1,0
Hlavní město Praha,Praha,Konzervatoř a VOŠ Jaroslava Ježka,600004660,Zpěv,82-45-P/01,82-45-M/01 Populární zpěv,den,6,9. třída,5,36,5,3,28,0
Hlavní město Praha,Praha,Konzervatoř a VOŠ Jaroslava Ježka,600004660,Hudebně dramatické umění,82-47-P/01,82-47-M/01 Muzikál,den,6,9. třída,12,36,8,0,27,1
Hlavní město Praha,Praha,Konzervatoř a střední škola Jana Deyla,600020738,Hudba,82-44-P/01,,den,6,9. třída,10,33,12,5,7,11
Hlavní město Praha,Praha,Konzervatoř a střední škola Jana Deyla,600020738,Zpěv,82-45-P/01,,den,6,9. třída,6,40,6,2,24,8
Hlavní město Praha,Praha,"Mezinárodní Konzervatoř Praha, s.r.o.",651038880,Hudba,82-44-P/01,Basová kytara (82-44-M/01),den,6,9. třída,3,1,1,0,0,0
Hlavní město Praha,Praha,"Mezinárodní Konzervatoř Praha, s.r.o.",651038880,Hudba,82-44-P/01,Bicí nástroje (82-44-M/01),den,6,9. třída,5,11,3,0,6,2
Hlavní město Praha,Praha,"Mezinárodní Konzervatoř Praha, s.r.o.",651038880,Hudba,82-44-P/01,Elektrická kytara (82-44-M/01),den,6,9. třída,5,9,2,0,4,3
Hlavní město Praha,Praha,"Mezinárodní Konzervatoř Praha, s.r.o.",651038880,Hudba,82-44-P/01,Fagot (82-44-M/01),den,6,9. třída,1,0,0,0,0,0
Hlavní město Praha,Praha,"Mezinárodní Konzervatoř Praha, s.r.o.",651038880,Hudba,82-44-P/01,Housle (82-44-M/01),den,6,9. třída,10,0,0,0,0,0
Hlavní město Praha,Praha,"Mezinárodní Konzervatoř Praha, s.r.o.",651038880,Hudba,82-44-P/01,Jazzový klavír (82-44-M/01),den,6,9. třída,3,2,2,0,0,0
Hlavní město Praha,Praha,"Mezinárodní Konzervatoř Praha, s.r.o.",651038880,Hudba,82-44-P/01,Jazzový kontrabas (82-44-M/01),den,6,9. třída,3,0,0,0,0,0
Hlavní město Praha,Praha,"Mezinárodní Konzervatoř Praha, s.r.o.",651038880,Hudba,82-44-P/01,Jazzový saxofon (82-44-M/01),den,6,9. třída,3,1,1,0,0,0
Hlavní město Praha,Praha,"Mezinárodní Konzervatoř Praha, s.r.o.",651038880,Hudba,82-44-P/01,Klarinet (82-44-M/01),den,6,9. třída,3,0,0,0,0,0
Hlavní město Praha,Praha,"Mezinárodní Konzervatoř Praha, s.r.o.",651038880,Hudba,82-44-P/01,Klasická kytara (82-44-M/01),den,6,9. třída,5,1,1,0,0,0
Hlavní město Praha,Praha,"Mezinárodní Konzervatoř Praha, s.r.o.",651038880,Hudba,82-44-P/01,Klavír (82-44-M/01),den,6,9. třída,5,8,3,0,3,2
Hlavní město Praha,Praha,"Mezinárodní Konzervatoř Praha, s.r.o.",651038880,Hudba,82-44-P/01,Kontrabas (82-44-M/01),den,6,9. třída,3,0,0,0,0,0
Hlavní město Praha,Praha,"Mezinárodní Konzervatoř Praha, s.r.o.",651038880,Hudba,82-44-P/01,Příčná flétna (82-44-M/01),den,6,9. třída,3,3,2,0,1,0
Hlavní město Praha,Praha,"Mezinárodní Konzervatoř Praha, s.r.o.",651038880,Hudba,82-44-P/01,Saxofon (82-44-M/01),den,6,9. třída,2,1,1,0,0,0
Hlavní město Praha,Praha,"Mezinárodní Konzervatoř Praha, s.r.o.",651038880,Hudba,82-44-P/01,Trubka (82-44-M/01),den,6,9. třída,2,2,1,0,1,0
Hlavní město Praha,Praha,"Mezinárodní Konzervatoř Praha, s.r.o.",651038880,Hudba,82-44-P/01,Viola (82-44-M/01),den,6,9. třída,3,0,0,0,0,0
Hlavní město Praha,Praha,"Mezinárodní Konzervatoř Praha, s.r.o.",651038880,Hudba,82-44-P/01,Violoncello (82-44-M/01),den,6,9. třída,2,0,0,0,0,0
Hlavní město Praha,Praha,"Mezinárodní Konzervatoř Praha, s.r.o.",651038880,Hudba,82-44-P/01,Zobcová flétna (82-44-M/01),den,6,9. třída,3,0,0,0,0,0
Hlavní město Praha,Praha,"Mezinárodní Konzervatoř Praha, s.r.o.",651038880,Zpěv,82-45-P/01,Jazzový zpěv (82-45-M/01),den,6,9. třída,5,8,5,0,2,1
Hlavní město Praha,Praha,"Mezinárodní Konzervatoř Praha, s.r.o.",651038880,Zpěv,82-45-P/01,Klasický zpěv (82-45-M/01),den,6,9. třída,5,5,2,0,1,2
Hlavní město Praha,Praha,"Mezinárodní Konzervatoř Praha, s.r.o.",651038880,Zpěv,82-45-P/01,Populární zpěv (82-45-M/01),den,6,9. třída,8,22,5,0,14,3
Hlavní město Praha,Praha,"Mezinárodní Konzervatoř Praha, s.r.o.",651038880,Zpěv,82-45-P/01,Rockový zpěv (82-45-M/01),den,6,9. třída,5,5,3,0,0,2
Hlavní město Praha,Praha,"Mezinárodní Konzervatoř Praha, s.r.o.",651038880,Zpěv,82-45-P/01,World music (82-45-M/01),den,6,9. třída,5,6,4,0,2,0
Hlavní město Praha,Praha,"Mezinárodní Konzervatoř Praha, s.r.o.",651038880,Hudebně dramatické umění,82-47-P/01,Múzická a mediální studia (82-47-M/01),den,6,9. třída,10,23,10,0,13,0
Hlavní město Praha,Praha,Pražská konzervatoř,600004538,Hudba,82-44-P/01,82-44-M/01 Dirigování,den,6,9. třída,2,3,2,0,1,0
Hlavní město Praha,Praha,Pražská konzervatoř,600004538,Hudba,82-44-P/01,82-44-M/01 Hra na akordeon,den,6,9. třída,1,2,1,0,0,1
Hlavní město Praha,Praha,Pražská konzervatoř,600004538,Hudba,82-44-P/01,82-44-M/01 Hra na barokní příčnou flétnu,den,6,9. třída,1,0,0,0,0,0
Hlavní město Praha,Praha,Pražská konzervatoř,600004538,Hudba,82-44-P/01,82-44-M/01 Hra na basovou kytaru,den,6,9. třída,1,3,1,0,0,2
Hlavní město Praha,Praha,Pražská konzervatoř,600004538,Hudba,82-44-P/01,82-44-M/01 Hra na bicí nástroje,den,6,9. třída,4,18,4,2,9,3
Hlavní město Praha,Praha,Pražská konzervatoř,600004538,Hudba,82-44-P/01,82-44-M/01 Hra na cembalo,den,6,9. třída,1,1,0,0,1,0
Hlavní město Praha,Praha,Pražská konzervatoř,600004538,Hudba,82-44-P/01,82-44-M/01 Hra na elektrickou kytaru,den,6,9. třída,1,7,1,2,1,3
Hlavní město Praha,Praha,Pražská konzervatoř,600004538,Hudba,82-44-P/01,82-44-M/01 Hra na fagot,den,6,9. třída,3,4,2,0,2,0
Hlavní město Praha,Praha,Pražská konzervatoř,600004538,Hudba,82-44-P/01,82-44-M/01 Hra na flétnu,den,6,9. třída,4,7,4,0,2,1
Hlavní město Praha,Praha,Pražská konzervatoř,600004538,Hudba,82-44-P/01,82-44-M/01 Hra na harfu,den,6,9. třída,2,1,1,0,0,0
Hlavní město Praha,Praha,Pražská konzervatoř,600004538,Hudba,82-44-P/01,82-44-M/01 Hra na hoboj,den,6,9. třída,3,5,3,0,1,1
Hlavní město Praha,Praha,Pražská konzervatoř,600004538,Hudba,82-44-P/01,82-44-M/01 Hra na housle,den,6,9. třída,10,13,9,0,3,1
Hlavní město Praha,Praha,Pražská konzervatoř,600004538,Hudba,82-44-P/01,82-44-M/01 Hra na klarinet,den,6,9. třída,2,5,2,0,3,0
Hlavní město Praha,Praha,Pražská konzervatoř,600004538,Hudba,82-44-P/01,82-44-M/01 Hra na klavír,den,6,9. třída,8,18,8,0,7,3
Hlavní město Praha,Praha,Pražská konzervatoř,600004538,Hudba,82-44-P/01,82-44-M/01 Hra na kontrabas,den,6,9. třída,3,2,1,0,0,1
Hlavní město Praha,Praha,Pražská konzervatoř,600004538,Hudba,82-44-P/01,82-44-M/01 Hra na kytaru,den,6,9. třída,2,6,2,0,4,0
Hlavní město Praha,Praha,Pražská konzervatoř,600004538,Hudba,82-44-P/01,82-44-M/01 Hra na lesní roh,den,6,9. třída,3,3,2,0,1,0
Hlavní město Praha,Praha,Pražská konzervatoř,600004538,Hudba,82-44-P/01,82-44-M/01 Hra na pozoun,den,6,9. třída,2,3,2,0,1,0
Hlavní město Praha,Praha,Pražská konzervatoř,600004538,Hudba,82-44-P/01,82-44-M/01 Hra na saxofon,den,6,9. třída,2,4,2,0,0,2
Hlavní město Praha,Praha,Pražská konzervatoř,600004538,Hudba,82-44-P/01,82-44-M/01 Hra na trubku,den,6,9. třída,2,4,2,1,1,0
Hlavní město Praha,Praha,Pražská konzervatoř,600004538,Hudba,82-44-P/01,82-44-M/01 Hra na tubu,den,6,9. třída,2,1,0,0,0,1
Hlavní město Praha,Praha,Pražská konzervatoř,600004538,Hudba,82-44-P/01,82-44-M/01 Hra na varhany,den,6,9. třída,2,1,1,0,0,0
Hlavní město Praha,Praha,Pražská konzervatoř,600004538,Hudba,82-44-P/01,82-44-M/01 Hra na violoncello,den,6,9. třída,6,9,6,2,0,1
Hlavní město Praha,Praha,Pražská konzervatoř,600004538,Hudba,82-44-P/01,82-44-M/01 Hra na violu,den,6,9. třída,4,1,1,0,0,0
Hlavní město Praha,Praha,Pražská konzervatoř,600004538,Hudba,82-44-P/01,82-44-M/01 Hra na zobcovou flétnu,den,6,9. třída,2,4,2,0,0,2
Hlavní město Praha,Praha,Pražská konzervatoř,600004538,Hudba,82-44-P/01,82-44-M/01 Skladba,den,6,9. třída,4,6,4,1,0,1
Hlavní město Praha,Praha,Pražská konzervatoř,600004538,Hudba,82-44-P/01,82-44-M/01 Skladba a aranžování populární hudby,den,6,9. třída,2,9,2,2,4,1
Hlavní město Praha,Praha,Pražská konzervatoř,600004538,Zpěv,82-45-P/01,82-45-M/01 Klasický zpěv,den,6,9. třída,10,35,9,0,26,0
Hlavní město Praha,Praha,Pražská konzervatoř,600004538,Zpěv,82-45-P/01,82-45-M/01 Populární zpěv,den,6,9. třída,10,67,10,0,55,2
Hlavní město Praha,Praha,Pražská konzervatoř,600004538,Hudebně dramatické umění,82-47-P/01,82-47-M/01 Herectví,den,6,9. třída,12,143,12,2,129,0
Hlavní město Praha,Praha,Taneční centrum Praha - konzervatoř,600005780,Tanec,82-46-P/01,"82-46-M/01 Tanec, ŠVP konzervatoř - gymnázium",den,8,5. třída,23,28,12,0,5,11
Hlavní město Praha,Praha,"Taneční konzervatoř HMP, Praha 1, Křižovnická 7",600004601,Tanec,82-46-P/01,82-46-M/01 Tanec,den,8,5. třída,25,42,22,0,14,3
Jihomoravský kraj,Brno,Konzervatoř Brno,600013430,Hudba,82-44-P/01,"(82-44-M,P/01)",den,6,9. třída,47,65,41,0,20,4
Jihomoravský kraj,Brno,Konzervatoř Brno,600013430,Zpěv,82-45-P/01,"(82-45-M,P/01) ",den,6,9. třída,6,22,6,5,10,1
Jihomoravský kraj,Brno,Konzervatoř Brno,600013430,Hudebně dramatické umění,82-47-P/01,"(82-47-M,P/01)",den,6,9. třída,6,70,6,5,58,1
Jihomoravský kraj,Brno,Taneční konzervatoř,600013812,Tanec,82-46-P/01,"82-46-P/01, 82-46-M/01",den,8,5. třída,40,40,24,0,13,3
Jihočeský kraj,České Budějovice,"Konzervatoř, České Budějovice, Kanovnická 22",600008011,Hudba,82-44-P/01,"82-44-M/01, 82-44-P/01",den,6,9. třída,26,47,26,4,10,7
Jihočeský kraj,České Budějovice,"Konzervatoř, České Budějovice, Kanovnická 22",600008011,Zpěv,82-45-P/01,"82-45-M/01, 82-45-P/01",den,6,9. třída,6,8,3,0,5,0
Moravskoslezský kraj,Opava,Církevní konzervatoř Německého řádu,610550659,Hudba,82-44-P/01,"82-44-M/01, 82-44-P/01 Hra na varhany/klavír/cembalo/housle/violu/violoncello/kontrabas/kytaru/el. kytaru/příč. flétnu/barokní příč. flétnu/zobcovou flétnu/hoboj/klarinet/saxofon/fagot/lesní roh/trubku/bicí nástroje/Řízení sboru/Trojobor církevní hudba",den,6,9. třída,7,17,5,0,5,7
Moravskoslezský kraj,Opava,Církevní konzervatoř Německého řádu,610550659,Zpěv,82-45-P/01,"82-45-M/01, 82-45-P/01; Sólový zpěv – klasický",den,6,9. třída,3,3,0,0,1,2
Moravskoslezský kraj,Opava,Církevní konzervatoř Německého řádu,610550659,Zpěv,82-45-P/01,"82-45-M/01, 82-45-P/01; Sólový zpěv – populární",den,6,9. třída,4,17,4,5,7,1
Moravskoslezský kraj,Opava,Církevní konzervatoř Německého řádu,610550659,Hudebně dramatické umění,82-47-P/01,"82-47-M/01, 82-47-P/01 Herectví",den,6,9. třída,5,21,4,0,14,3
Moravskoslezský kraj,Ostrava,Janáčkova konzervatoř v Ostravě,600017524,Hudba,82-44-P/01,Odborné zaměření klasická hudba (82-44-M/01) ,komb,6,9. třída,8,11,7,0,3,1
Moravskoslezský kraj,Ostrava,Janáčkova konzervatoř v Ostravě,600017524,Hudba,82-44-P/01,Odborné zaměření klasická hudba (82-44-M/01). Odborné zaměření jazzová hudba (82-44-M/01).,den,6,9. třída,35,41,28,0,7,6
Moravskoslezský kraj,Ostrava,Janáčkova konzervatoř v Ostravě,600017524,Zpěv,82-45-P/01,Odborné zaměření klasický zpěv (82-45-M/01),komb,6,9. třída,3,5,3,0,2,0
Moravskoslezský kraj,Ostrava,Janáčkova konzervatoř v Ostravě,600017524,Zpěv,82-45-P/01,Odborné zaměření klasický zpěv (82-45-M/01). Odborné zaměření neoperní zpěv (82-45-M/01).,den,6,9. třída,15,37,12,0,24,1
Moravskoslezský kraj,Ostrava,Janáčkova konzervatoř v Ostravě,600017524,Tanec,82-46-P/01,Odborné zaměření klasický tanec (82-46-M/01),den,8,5. třída,14,16,10,0,2,2
Moravskoslezský kraj,Ostrava,Janáčkova konzervatoř v Ostravě,600017524,Současný tanec,82-46-P/02,Současný tanec (82-46-M/02),den,6,9. třída,14,32,12,0,15,5
Moravskoslezský kraj,Ostrava,Janáčkova konzervatoř v Ostravě,600017524,Hudebně dramatické umění,82-47-P/01,Odborné zaměření činohra (82-47-M/01),den,6,9. třída,10,57,7,0,50,0
Olomoucký kraj,Olomouc,Konzervatoř Evangelické akademie,600015025,Hudba,82-44-P/01,82-44-P/01 Hudba,den,6,9. třída,22,34,18,0,8,8
Olomoucký kraj,Olomouc,Konzervatoř Evangelické akademie,600015025,Zpěv,82-45-P/01,82-45-P/01 Zpěv,den,6,9. třída,6,14,6,4,4,0
Pardubický kraj,Pardubice,Konzervatoř,600012336,Hudba,82-44-P/01,,komb,6,9. třída,11,17,11,3,3,0
Pardubický kraj,Pardubice,Konzervatoř,600012336,Hudba,82-44-P/01,dirigování,den,6,9. třída,1,0,0,0,0,0
Pardubický kraj,Pardubice,Konzervatoř,600012336,Hudba,82-44-P/01,hra na akordeon,den,6,9. třída,4,4,4,0,0,0
Pardubický kraj,Pardubice,Konzervatoř,600012336,Hudba,82-44-P/01,hra na bicí nástroje,den,6,9. třída,2,4,2,0,2,0
Pardubický kraj,Pardubice,Konzervatoř,600012336,Hudba,82-44-P/01,hra na fagot,den,6,9. třída,1,1,0,0,0,1
Pardubický kraj,Pardubice,Konzervatoř,600012336,Hudba,82-44-P/01,hra na flétnu,den,6,9. třída,1,0,0,0,0,0
Pardubický kraj,Pardubice,Konzervatoř,600012336,Hudba,82-44-P/01,hra na hoboj,den,6,9. třída,1,1,1,0,0,0
Pardubický kraj,Pardubice,Konzervatoř,600012336,Hudba,82-44-P/01,hra na housle,den,6,9. třída,3,3,3,0,0,0
Pardubický kraj,Pardubice,Konzervatoř,600012336,Hudba,82-44-P/01,hra na klarinet,den,6,9. třída,2,2,1,0,1,0
Pardubický kraj,Pardubice,Konzervatoř,600012336,Hudba,82-44-P/01,hra na klavír,den,6,9. třída,3,4,3,0,1,0
Pardubický kraj,Pardubice,Konzervatoř,600012336,Hudba,82-44-P/01,hra na kontrabas,den,6,9. třída,1,0,0,0,0,0
Pardubický kraj,Pardubice,Konzervatoř,600012336,Hudba,82-44-P/01,hra na kytaru,den,6,9. třída,2,3,1,0,2,0
Pardubický kraj,Pardubice,Konzervatoř,600012336,Hudba,82-44-P/01,hra na lesní roh,den,6,9. třída,1,0,0,0,0,0
Pardubický kraj,Pardubice,Konzervatoř,600012336,Hudba,82-44-P/01,hra na saxofon,den,6,9. třída,2,3,2,0,1,0
Pardubický kraj,Pardubice,Konzervatoř,600012336,Hudba,82-44-P/01,hra na trombon,den,6,9. třída,3,3,3,0,0,0
Pardubický kraj,Pardubice,Konzervatoř,600012336,Hudba,82-44-P/01,hra na trubku,den,6,9. třída,2,2,2,0,0,0
Pardubický kraj,Pardubice,Konzervatoř,600012336,Hudba,82-44-P/01,hra na tubu,den,6,9. třída,1,1,1,0,0,0
Pardubický kraj,Pardubice,Konzervatoř,600012336,Hudba,82-44-P/01,hra na varhany,den,6,9. třída,2,1,1,0,0,0
Pardubický kraj,Pardubice,Konzervatoř,600012336,Hudba,82-44-P/01,hra na violoncello,den,6,9. třída,3,4,2,0,0,2
Pardubický kraj,Pardubice,Konzervatoř,600012336,Hudba,82-44-P/01,hra na violu,den,6,9. třída,2,1,1,0,0,0
Pardubický kraj,Pardubice,Konzervatoř,600012336,Zpěv,82-45-P/01,klasický zpěv,den,6,9. třída,3,10,3,0,5,2
Pardubický kraj,Pardubice,Konzervatoř,600012336,Zpěv,82-45-P/01,klasický zpěv,komb,6,9. třída,3,14,3,6,3,2
Plzeňský kraj,Plzeň,Konzervatoř,600009441,Hudba,82-44-P/01,82-44-M/01 Hudba,komb,6,9. třída,20,20,15,0,4,1
Plzeňský kraj,Plzeň,Konzervatoř,600009441,Hudba,82-44-P/01,82-44-M/01 Hudba,den,6,9. třída,24,46,24,2,7,13
Plzeňský kraj,Plzeň,Konzervatoř,600009441,Zpěv,82-45-P/01,82-45-M/01 Zpěv,den,6,9. třída,6,34,6,13,12,3
Plzeňský kraj,Plzeň,Konzervatoř,600009441,Zpěv,82-45-P/01,82-45-P/01 Zpěv,komb,6,9. třída,10,36,10,18,7,1
Zlínský kraj,Kroměříž,Konzervatoř  P.  J. Vejvanovského,600014967,Hudba,82-44-P/01,Klasická hudba 82-44-P/01 (82-44-M/01),den,6,9. třída,28,47,25,0,8,14
Zlínský kraj,Kroměříž,Konzervatoř  P.  J. Vejvanovského,600014967,Zpěv,82-45-P/01,Klasický zpěv 82-45-P/01 (82-45-M/01),den,6,9. třída,2,7,2,1,4,0
Ústecký kraj,Teplice,Konzervatoř Teplice,600011241,Hudba,82-44-P/01,"dirigování 82-44-M,P/01",komb,6,9. třída,2,2,2,0,0,0
Ústecký kraj,Teplice,Konzervatoř Teplice,600011241,Hudba,82-44-P/01,"dirigování 82-44-M,P/01",den,6,9. třída,2,2,2,0,0,0
Ústecký kraj,Teplice,Konzervatoř Teplice,600011241,Hudba,82-44-P/01,"hra na akordeon 82-44-M,P/01",den,6,9. třída,1,0,0,0,0,0
Ústecký kraj,Teplice,Konzervatoř Teplice,600011241,Hudba,82-44-P/01,"hra na akordeon 82-44-M,P/01",komb,6,9. třída,1,0,0,0,0,0
Ústecký kraj,Teplice,Konzervatoř Teplice,600011241,Hudba,82-44-P/01,"hra na bicí nástroje 82-44-M,P/01",komb,6,9. třída,1,1,1,0,0,0
Ústecký kraj,Teplice,Konzervatoř Teplice,600011241,Hudba,82-44-P/01,"hra na bicí nástroje 82-44-M,P/01",den,6,9. třída,4,9,4,0,5,0
Ústecký kraj,Teplice,Konzervatoř Teplice,600011241,Hudba,82-44-P/01,"hra na cembalo 82-44-M,P/01",komb,6,9. třída,1,1,1,0,0,0
Ústecký kraj,Teplice,Konzervatoř Teplice,600011241,Hudba,82-44-P/01,"hra na cembalo 82-44-M,P/01",den,6,9. třída,1,0,0,0,0,0
Ústecký kraj,Teplice,Konzervatoř Teplice,600011241,Hudba,82-44-P/01,"hra na elektrickou kytaru 82-44-M,P/01",komb,6,9. třída,1,1,1,0,0,0
Ústecký kraj,Teplice,Konzervatoř Teplice,600011241,Hudba,82-44-P/01,"hra na elektrickou kytaru 82-44-M,P/01",den,6,9. třída,1,1,1,0,0,0
Ústecký kraj,Teplice,Konzervatoř Teplice,600011241,Hudba,82-44-P/01,"hra na elektronické klávesové nástroje 82-44-M,P/01",den,6,9. třída,1,1,0,0,1,0
Ústecký kraj,Teplice,Konzervatoř Teplice,600011241,Hudba,82-44-P/01,"hra na elektronické klávesové nástroje 82-44-M,P/01",komb,6,9. třída,1,0,0,0,0,0
Ústecký kraj,Teplice,Konzervatoř Teplice,600011241,Hudba,82-44-P/01,"hra na fagot 82-44-M,P/01",den,6,9. třída,1,0,0,0,0,0
Ústecký kraj,Teplice,Konzervatoř Teplice,600011241,Hudba,82-44-P/01,"hra na fagot 82-44-M,P/01",komb,6,9. třída,1,0,0,0,0,0
Ústecký kraj,Teplice,Konzervatoř Teplice,600011241,Hudba,82-44-P/01,"hra na hoboj 82-44-M,P/01",den,6,9. třída,1,0,0,0,0,0
Ústecký kraj,Teplice,Konzervatoř Teplice,600011241,Hudba,82-44-P/01,"hra na hoboj 82-44-M,P/01",komb,6,9. třída,1,0,0,0,0,0
Ústecký kraj,Teplice,Konzervatoř Teplice,600011241,Hudba,82-44-P/01,"hra na housle 82-44-M,P/01",den,6,9. třída,2,2,1,0,0,0
Ústecký kraj,Teplice,Konzervatoř Teplice,600011241,Hudba,82-44-P/01,"hra na housle 82-44-M,P/01",komb,6,9. třída,1,0,0,0,0,0
Ústecký kraj,Teplice,Konzervatoř Teplice,600011241,Hudba,82-44-P/01,"hra na klarinet 82-44-M,P/01",den,6,9. třída,2,2,2,0,0,0
Ústecký kraj,Teplice,Konzervatoř Teplice,600011241,Hudba,82-44-P/01,"hra na klarinet 82-44-M,P/01",komb,6,9. třída,1,0,0,0,0,0
Ústecký kraj,Teplice,Konzervatoř Teplice,600011241,Hudba,82-44-P/01,"hra na klasický saxofon 82-44-M,P/01",den,6,9. třída,1,1,1,0,0,0
Ústecký kraj,Teplice,Konzervatoř Teplice,600011241,Hudba,82-44-P/01,"hra na klasický saxofon 82-44-M,P/01",komb,6,9. třída,1,0,0,0,0,0
Ústecký kraj,Teplice,Konzervatoř Teplice,600011241,Hudba,82-44-P/01,"hra na klavír 82-44-M,P/01",komb,6,9. třída,1,2,1,0,1,0
Ústecký kraj,Teplice,Konzervatoř Teplice,600011241,Hudba,82-44-P/01,"hra na klavír 82-44-M,P/01",den,6,9. třída,5,6,4,0,1,1
Ústecký kraj,Teplice,Konzervatoř Teplice,600011241,Hudba,82-44-P/01,"hra na kontrabas 82-44-M,P/01",den,6,9. třída,1,0,0,0,0,0
Ústecký kraj,Teplice,Konzervatoř Teplice,600011241,Hudba,82-44-P/01,"hra na kontrabas 82-44-M,P/01",komb,6,9. třída,1,0,0,0,0,0
Ústecký kraj,Teplice,Konzervatoř Teplice,600011241,Hudba,82-44-P/01,"hra na kytaru 82-44-M,P/01",den,6,9. třída,3,4,2,0,1,1
Ústecký kraj,Teplice,Konzervatoř Teplice,600011241,Hudba,82-44-P/01,"hra na kytaru 82-44-M,P/01",komb,6,9. třída,1,0,0,0,0,0
Ústecký kraj,Teplice,Konzervatoř Teplice,600011241,Hudba,82-44-P/01,"hra na lesní roh 82-44-M,P/01",den,6,9. třída,1,0,0,0,0,0
Ústecký kraj,Teplice,Konzervatoř Teplice,600011241,Hudba,82-44-P/01,"hra na lesní roh 82-44-M,P/01",komb,6,9. třída,1,0,0,0,0,0
Ústecký kraj,Teplice,Konzervatoř Teplice,600011241,Hudba,82-44-P/01,"hra na pozoun 82-44-M,P/01",den,6,9. třída,1,1,1,0,0,0
Ústecký kraj,Teplice,Konzervatoř Teplice,600011241,Hudba,82-44-P/01,"hra na pozoun 82-44-M,P/01",komb,6,9. třída,1,0,0,0,0,0
Ústecký kraj,Teplice,Konzervatoř Teplice,600011241,Hudba,82-44-P/01,"hra na příčnou flétnu 82-44-M,P/01",den,6,9. třída,3,4,3,0,1,0
Ústecký kraj,Teplice,Konzervatoř Teplice,600011241,Hudba,82-44-P/01,"hra na příčnou flétnu 82-44-M,P/01",komb,6,9. třída,1,0,0,0,0,0
Ústecký kraj,Teplice,Konzervatoř Teplice,600011241,Hudba,82-44-P/01,"hra na trubku 82-44-M,P/01",den,6,9. třída,2,3,2,0,1,0
Ústecký kraj,Teplice,Konzervatoř Teplice,600011241,Hudba,82-44-P/01,"hra na trubku 82-44-M,P/01",komb,6,9. třída,1,0,0,0,0,0
Ústecký kraj,Teplice,Konzervatoř Teplice,600011241,Hudba,82-44-P/01,"hra na tubu 82-44-M,P/01",den,6,9. třída,1,0,0,0,0,0
Ústecký kraj,Teplice,Konzervatoř Teplice,600011241,Hudba,82-44-P/01,"hra na tubu 82-44-M,P/01",komb,6,9. třída,1,0,0,0,0,0
Ústecký kraj,Teplice,Konzervatoř Teplice,600011241,Hudba,82-44-P/01,"hra na varhany 82-44-M,P/01",komb,6,9. třída,1,1,0,0,1,0
Ústecký kraj,Teplice,Konzervatoř Teplice,600011241,Hudba,82-44-P/01,"hra na varhany 82-44-M,P/01",den,6,9. třída,1,0,0,0,0,0
Ústecký kraj,Teplice,Konzervatoř Teplice,600011241,Hudba,82-44-P/01,"hra na violoncello 82-44-M,P/01",den,6,9. třída,1,0,0,0,0,0
Ústecký kraj,Teplice,Konzervatoř Teplice,600011241,Hudba,82-44-P/01,"hra na violoncello 82-44-M,P/01",komb,6,9. třída,1,0,0,0,0,0
Ústecký kraj,Teplice,Konzervatoř Teplice,600011241,Hudba,82-44-P/01,"hra na violu 82-44-M,P/01",den,6,9. třída,1,0,0,0,0,0
Ústecký kraj,Teplice,Konzervatoř Teplice,600011241,Hudba,82-44-P/01,"hra na violu 82-44-M,P/01",komb,6,9. třída,1,0,0,0,0,0
Ústecký kraj,Teplice,Konzervatoř Teplice,600011241,Hudba,82-44-P/01,"hra na zobcovou flétnu 82-44-M,P/01",komb,6,9. třída,1,1,1,0,0,0
Ústecký kraj,Teplice,Konzervatoř Teplice,600011241,Hudba,82-44-P/01,"hra na zobcovou flétnu 82-44-M,P/01",den,6,9. třída,3,4,2,0,1,1
Ústecký kraj,Teplice,Konzervatoř Teplice,600011241,Hudba,82-44-P/01,"skladba 82-44-M,P/01",den,6,9. třída,1,1,1,0,0,0
Ústecký kraj,Teplice,Konzervatoř Teplice,600011241,Hudba,82-44-P/01,"skladba 82-44-M,P/01",komb,6,9. třída,1,0,0,0,0,0
Ústecký kraj,Teplice,Konzervatoř Teplice,600011241,Zpěv,82-45-P/01,"klasický 82-45-M,P/01",komb,6,9. třída,1,2,0,0,2,0
Ústecký kraj,Teplice,Konzervatoř Teplice,600011241,Zpěv,82-45-P/01,"klasický 82-45-M,P/01",den,6,9. třída,2,4,2,0,2,0
Ústecký kraj,Teplice,Konzervatoř Teplice,600011241,Zpěv,82-45-P/01,"populární 82-45-M,P/01",komb,6,9. třída,1,1,0,0,1,0
Ústecký kraj,Teplice,Konzervatoř Teplice,600011241,Zpěv,82-45-P/01,"populární 82-45-M,P/01",den,6,9. třída,4,14,3,0,10,1
