skupina,nabidek_s_prepisem,bodovala_jen_jednotna_zkouska,podil_jen_jednotna_zkouska,prospech,skolni_zkouska,pohovor,talentova_prakticka,souteze_aktivity,jine_slozky
Česko celkem,3064,309,0.101,2421,298,178,183,1045,316
typ GY4,431,24,0.056,313,64,38,75,235,59
typ GY6,69,9,0.13,55,5,1,2,40,7
typ GY8,269,45,0.167,179,29,10,9,113,23
typ LYC,285,27,0.095,225,41,29,16,105,25
typ NAS,250,36,0.144,189,20,13,2,39,35
typ SOS,1404,140,0.1,1155,116,70,76,419,143
typ SOU,356,28,0.079,305,23,17,3,94,24
Hlavní město Praha,428,71,0.166,244,90,55,41,77,80
Jihomoravský kraj,325,25,0.077,271,33,5,14,169,30
Jihočeský kraj,219,29,0.132,181,9,3,6,76,16
Karlovarský kraj,63,14,0.222,41,3,1,3,24,3
Kraj Vysočina,178,27,0.152,145,3,5,4,32,10
Královéhradecký kraj,163,1,0.006,154,11,10,9,69,31
Liberecký kraj,109,11,0.101,81,7,6,18,27,7
Moravskoslezský kraj,339,15,0.044,293,28,19,11,103,21
Olomoucký kraj,206,17,0.083,173,9,3,12,64,27
Pardubický kraj,152,9,0.059,127,9,0,9,88,6
Plzeňský kraj,174,17,0.098,146,10,3,15,48,6
Středočeský kraj,322,29,0.09,260,53,47,21,108,35
Zlínský kraj,172,3,0.017,151,10,7,10,82,22
Ústecký kraj,214,41,0.192,154,23,14,10,78,22
