kraj_skoly_1_volby,rocnik,uchazecu_2_kola,prijati_ve_2_kole,neprijati_ani_ve_2_kole,podil_neprijatych,z_toho_vsude_nevesli_kvuli_kapacite,z_toho_vsude_nedosahli_pozadavku,z_toho_obe_duvody,z_toho_jiny_duvod,z_toho_hlasili_se_jen_na_obory_bez_maturity,z_toho_jen_na_maturitni,z_toho_na_oboje,z_toho_bez_vysledku_jednotne_zkousky,z_toho_s_jedinou_prihlaskou
Hlavní město Praha,9. třída,2580,1795,785,0.304,205,244,336,0,366,279,140,368,75
Hlavní město Praha,7. třída (šestiletá gymnázia),160,31,129,0.806,73,24,32,0,0,129,0,1,79
Hlavní město Praha,5. třída (osmiletá gymnázia),162,45,117,0.722,62,35,20,0,0,117,0,5,79
Jihomoravský kraj,9. třída,1158,1047,111,0.096,24,65,22,0,46,55,10,65,35
Jihomoravský kraj,5. třída (osmiletá gymnázia),50,24,26,0.52,11,11,4,0,0,26,0,3,21
Jihočeský kraj,9. třída,407,389,18,0.044,9,7,2,0,12,4,2,10,8
Jihočeský kraj,5. třída (osmiletá gymnázia),19,14,5,0.263,1,2,2,0,0,5,0,0,3
Karlovarský kraj,9. třída,272,211,61,0.224,30,20,11,0,45,10,6,45,24
Kraj Vysočina,9. třída,290,278,12,0.041,6,3,3,0,7,3,2,7,6
Kraj Vysočina,7. třída (šestiletá gymnázia),13,9,4,0.308,4,0,0,0,0,4,0,0,2
Královéhradecký kraj,9. třída,504,439,65,0.129,8,46,11,0,42,18,5,50,19
Královéhradecký kraj,5. třída (osmiletá gymnázia),32,17,15,0.469,13,1,1,0,0,15,0,0,13
Liberecký kraj,9. třída,462,326,136,0.294,64,35,37,0,106,15,15,106,53
Liberecký kraj,5. třída (osmiletá gymnázia),13,4,9,0.692,9,0,0,0,0,9,0,0,8
Moravskoslezský kraj,9. třída,873,825,48,0.055,23,17,8,0,30,15,3,41,28
Moravskoslezský kraj,7. třída (šestiletá gymnázia),72,39,33,0.458,31,0,2,0,0,33,0,0,19
Moravskoslezský kraj,5. třída (osmiletá gymnázia),53,28,25,0.472,23,1,1,0,0,25,0,0,20
Olomoucký kraj,9. třída,481,438,43,0.089,16,23,4,0,28,11,4,38,24
Olomoucký kraj,5. třída (osmiletá gymnázia),20,7,13,0.65,11,0,2,0,0,13,0,2,8
Pardubický kraj,9. třída,416,374,42,0.101,13,22,7,0,21,16,5,22,17
Pardubický kraj,5. třída (osmiletá gymnázia),70,44,26,0.371,25,1,0,0,0,26,0,0,21
Plzeňský kraj,9. třída,507,444,63,0.124,24,16,22,1,29,23,11,39,19
Plzeňský kraj,5. třída (osmiletá gymnázia),9,2,7,0.778,7,0,0,0,0,7,0,0,7
Středočeský kraj,9. třída,1457,1177,280,0.192,42,145,93,0,164,73,43,163,52
Středočeský kraj,5. třída (osmiletá gymnázia),36,7,29,0.806,29,0,0,0,0,29,0,1,29
Zlínský kraj,9. třída,360,346,14,0.039,5,9,0,0,11,3,0,11,5
Zlínský kraj,7. třída (šestiletá gymnázia),18,6,12,0.667,12,0,0,0,0,12,0,0,12
Zlínský kraj,5. třída (osmiletá gymnázia),11,6,5,0.455,5,0,0,0,0,5,0,1,2
Ústecký kraj,9. třída,797,704,93,0.117,22,54,17,0,69,20,4,81,42
Ústecký kraj,7. třída (šestiletá gymnázia),20,7,13,0.65,12,0,1,0,0,13,0,0,11
Ústecký kraj,5. třída (osmiletá gymnázia),28,20,8,0.286,7,0,1,0,0,8,0,0,5
