kraj,mesto,nazev,termin,od,do,cas,misto,poradatel,odkaz,poznamka_k_terminu,proběhla,overeno
Středočeský kraj,Příbram,Veletrh středních škol Příbram,30. září 2026,2026-09-30,2026-09-30,9:00–16:00,"Estrádní sál KD Příbram, Legionářů 400","MAS Podbrdsko, z. s.",https://www.maspodbrdsko.cz/o-nas/novinky/novinky/veletrh-strednich-skol-2026-485cs.html,,,2026-09-22
Zlínský kraj,Kroměříž,Veletrh práce a vzdělávání Kroměříž,1. října 2026,2026-10-01,2026-10-01,9:00–17:00,Dům kultury v Kroměříži,Okresní hospodářská komora Kroměříž,https://www.ohkkm.cz/akce/veletrh-prace-a-vzdelavani-kromeriz-2025-1,,,2026-09-24
Jihočeský kraj,Vimperk,Burza škol Vimperk,1. října 2026,2026-10-01,2026-10-01,,regionální kulturní dům,Jihočeská hospodářská komora,https://www.burzyskol.cz/,,,2026-09-22
Olomoucký kraj,Jeseník,Burza práce a vzdělávání Jeseník,6. října 2026,2026-10-06,2026-10-06,8:00–16:00,"Střední průmyslová škola Jeseník, Dukelská 1240/27",Okresní hospodářská komora Jeseník,https://burzapav.cz/,,,2026-09-24
Jihočeský kraj,Prachatice,Burza škol Prachatice,6. října 2026,2026-10-06,2026-10-06,,regionální kulturní dům,Jihočeská hospodářská komora,https://www.burzyskol.cz/,,,2026-09-22
Jihomoravský kraj,Břeclav,Tak kam?! Veletrh středních škol Břeclav,7.–8. října 2026,2026-10-07,2026-10-08,,"Dům školství, 17. listopadu 2995",Vzdělávací institut pro Moravu,https://nevim-kam.cz/veletrhy/,,,2026-09-24
Jihočeský kraj,Třeboň,Burza škol Třeboň,7. října 2026,2026-10-07,2026-10-07,,regionální kulturní dům,Jihočeská hospodářská komora,https://www.burzyskol.cz/,,,2026-09-22
Moravskoslezský kraj,Frýdek-Místek,Trh vzdělávání a uplatnění Frýdek-Místek,8. října 2026,2026-10-08,2026-10-08,10:00–16:00,"Hala Polárka, Na Příkopě 3726, Frýdek-Místek",Statutární město Frýdek-Místek,https://www.halapolarka.cz/,,,2026-09-24
Ústecký kraj,Rumburk,COMENIUS FUN – burza škol,8. října 2026,2026-10-08,2026-10-08,9:00–17:00,"Dům kultury Střelnice, SNP 484/29, Rumburk","VOŠ, SPŠ a SOŠ Varnsdorf s partnerskými školami",https://www.comenius.fun/2026/,,,2026-09-24
Karlovarský kraj,Sokolov,KAM po ZŠ — přehlídka krajských středních škol,8. října 2026,2026-10-08,2026-10-08,8:00–15:00,ISŠTE Sokolov,Karlovarský kraj a ISŠTE Sokolov,https://spsostrov.cz/prijdte-se-podivat,,,2026-09-22
Jihočeský kraj,Český Krumlov,Burza škol Český Krumlov,8. října 2026,2026-10-08,2026-10-08,,TenisCentrum Český Krumlov,Jihočeská hospodářská komora,https://www.burzyskol.cz/,,,2026-09-22
Olomoucký kraj,Šumperk,Burza práce a vzdělávání Šumperk,8. října 2026,2026-10-08,2026-10-08,9:00–16:00,"Dům kultury, Fialova 3, Šumperk",Okresní hospodářská komora Šumperk,https://burzapav.cz/,,,2026-09-24
Královéhradecký kraj,Jičín,Prezentace středních škol a zaměstnavatelů,9.–10. října 2026,2026-10-09,2026-10-10,,"Masarykovo divadlo Jičín, Husova 206",Krajská hospodářská komora Královéhradeckého kraje,https://vybiramstredni.cz/program,,,2026-09-22
Středočeský kraj,Kolín,Setkání škol – přehlídka středních škol a učilišť Kolín,12.–13. října 2026,2026-10-12,2026-10-13,od 10:00,"Městský společenský dům, Zámecká 109",Úřad práce ČR – Kolín,https://www.msd-kolin.cz/akce-setkani-skol-2026-10-12,,,2026-09-24
Jihočeský kraj,Kaplice,Burza škol Kaplice,13. října 2026,2026-10-13,2026-10-13,,regionální kulturní dům,Jihočeská hospodářská komora,https://www.burzyskol.cz/,,,2026-09-22
Středočeský kraj,Kladno,Prezentace škol Kladno,13.–14. října 2026,2026-10-13,2026-10-14,,"Dům kultury Poldi Kladno, velký sál, nám. Sítná 1/3127",Okresní hospodářská komora Kladno,https://dkpoldikladno.cz/aktualni-akce,,,2026-09-29
Olomoucký kraj,Přerov,Burza práce a vzdělávání Přerov,13. října 2026,2026-10-13,2026-10-13,9:00–16:30,"Hotel Jana Congress & Wellness, Koliby 2, Přerov",Okresní hospodářská komora Přerov,https://burzapav.cz/,,,2026-09-24
Středočeský kraj,Beroun,Burza škol Beroun,14. října 2026,2026-10-14,2026-10-14,,"KD Plzeňka, Plzeňská 83/48, Beroun",Úřad práce ČR – Kontaktní pracoviště Beroun,https://www.smartee.cz/veletrhy-strednich-a-vysokych-skol-brno-2022/tpost/artl00e411-stedocesk-kraj-z-listopad-2026,"termín neověřený u pořadatele; Termín jsme převzali z agregátoru akcí. Web pořadatele ho zatím neuvádí, proto jsme ho u něj nemohli ověřit.",,2026-09-24
Jihomoravský kraj,Hodonín,Tak kam?! Veletrh středních škol Hodonín,14.–15. října 2026,2026-10-14,2026-10-15,,"Dům kultury, Horní Valy 3747/6",Vzdělávací institut pro Moravu,https://nevim-kam.cz/veletrhy/,,,2026-09-24
Moravskoslezský kraj,Nový Jičín,GEMMA – přehlídka středního školství,14.–15. října 2026,2026-10-14,2026-10-15,"14. 10. 12:00–17:00, 15. 10. 9:00–16:00","sál firmy OPmobility, Suvorovova 195, Nový Jičín",KVIC Nový Jičín a Úřad práce ČR,https://www.kvic.cz/gemma/,,,2026-09-24
Moravskoslezský kraj,Opava,Veletrh povolání Opava,14.–15. října 2026,2026-10-14,2026-10-15,"14. 10. 9:00–18:00, 15. 10. 9:00–17:00","Víceúčelová hala Opava, Žižkova 8",Okresní hospodářská komora Opava,https://www.veletrhpovolani.cz/,,,2026-09-24
Hlavní město Praha,Praha,Veletrh středních škol Horní Počernice,14. října 2026,2026-10-14,2026-10-14,8:30–13:30,"Chvalská stodola, areál Chvalské tvrze, Praha 20 – Horní Počernice",Městská část Praha 20 – Horní Počernice,https://www.pocernice.cz/akce/veletrh-strednich-skol-5/,"Tradiční místní veletrh pro žáky 8. a 9. tříd, v minulých ročnících se zaměřením na řemeslné obory.",,2026-09-28
Jihočeský kraj,Tábor,Burza škol Tábor,14. října 2026,2026-10-14,2026-10-14,8:00–16:00,"Centrum Univerzita Tábor, Vančurova 2904",Jihočeská hospodářská komora,https://www.burzyskol.cz/planovane-akce/burza-skol-v-tabore-2026,,,2026-09-24
Zlínský kraj,Holešov,Přehlídka středních škol a pracovního uplatnění Holešov,15. října 2026,2026-10-15,2026-10-15,9:00–17:00,"Zámek Holešov, nám. F. X. Richtra 190",Okresní hospodářská komora Kroměříž a město Holešov,https://www.ohkkm.cz/akce/prehlidka-strednich-skol-a-pracovniho-uplatneni-holesov-2024,,,2026-09-24
Jihočeský kraj,Jindřichův Hradec,Burza škol Jindřichův Hradec,15. října 2026,2026-10-15,2026-10-15,8:30–16:00,"Fakulta managementu VŠE, Jarošovská 1117, sál Fakulty managementu",Jihočeská hospodářská komora,https://www.burzyskol.cz/planovane-akce/burza-skol-v-jindrichove-hradci-2026,,,2026-09-24
Liberecký kraj,Liberec,EDUCA EXPO Liberec,15.–17. října 2026,2026-10-15,2026-10-17,,Home Credit Arena Liberec,SFM Liberec s.r.o.,https://www.educaweek.cz/,,,2026-09-22
Karlovarský kraj,Ostrov,KAM po ZŠ — přehlídka krajských středních škol,15. října 2026,2026-10-15,2026-10-15,8:00–16:00,SPŠ Ostrov,Karlovarský kraj a SPŠ Ostrov,https://spsostrov.cz/prijdte-se-podivat,,,2026-09-22
Olomoucký kraj,Prostějov,Burza práce a vzdělávání Prostějov,15. října 2026,2026-10-15,2026-10-15,9:00–16:00,"Společenský dům, Komenského 6, Prostějov",Okresní hospodářská komora Prostějov,https://burzapav.cz/,,,2026-09-24
Kraj Vysočina,Třebíč,Veletrh vzdělávání DIDACTA,15. října 2026,2026-10-15,2026-10-15,od 9:00,"Střední škola stavební Třebíč, Kubišova 1214",Okresní hospodářská komora Třebíč,https://www.ohktrebic.cz/akce-a-seminare/veletrh-vzdelavani-didacta-2026/,,,2026-09-25
Středočeský kraj,Čelákovice,Přehlídka středních škol Čelákovice,15. října 2026,2026-10-15,2026-10-15,,regionální kulturní dům,Krajská hospodářská komora Střední Čechy,https://www.khkstrednicechy.cz/,,,2026-09-22
Pardubický kraj,Pardubice,Schola Bohemia,16.–17. října 2026,2026-10-16,2026-10-17,,"Ideon Pardubice, Jiráskova 1963",Služba škole Pardubice s.r.o.,https://www.sluzbaskole.eu/cs/skoleni-a-vystavy,"termín neověřený u pořadatele; Termín jsme převzali z agregátoru akcí. Web pořadatele ho zatím neuvádí, proto jsme ho u něj nemohli ověřit.",,2026-09-22
Královéhradecký kraj,Trutnov,Prezentace středních škol a zaměstnavatelů,16.–17. října 2026,2026-10-16,2026-10-17,,"Společenské centrum UFFO, Nám. Republiky 999",Krajská hospodářská komora Královéhradeckého kraje,https://vybiramstredni.cz/program,,,2026-09-22
Jihočeský kraj,Písek,Burza škol Písek,19. října 2026,2026-10-19,2026-10-19,8:30–15:30,"Kulturní dům Písek, nábřeží 1. máje 1605",Jihočeská hospodářská komora,https://www.burzyskol.cz/planovane-akce/burza-skol-v-pisku-2026,,,2026-09-24
Jihomoravský kraj,Boskovice,Tak kam?! Veletrh středních škol Boskovice,20. října 2026,2026-10-20,2026-10-20,,"Sokolovna, Sokolská 221/13",Vzdělávací institut pro Moravu,https://nevim-kam.cz/veletrhy/,,,2026-09-24
Ústecký kraj,Děčín,Veletrh Škola Děčín,20. října 2026,2026-10-20,2026-10-20,9:00–17:00,"Centrum Pivovar Děčín, Sofijská 2/3",Úřad práce ČR – Děčín,https://skoladecin.cz/veletrh/,,,2026-09-24
Kraj Vysočina,Havlíčkův Brod,Přehlídka středních škol Havlíčkův Brod,20. října 2026,2026-10-20,2026-10-20,8:00–17:00,KD Ostrov,Městské divadlo a kino Ostrov a Úřad práce ČR,https://mdko.cz/prehlidka-strednich-skol-2/,,,2026-09-24
Středočeský kraj,Mladá Boleslav,Výstava studijních a učebních oborů Mladá Boleslav,20. října 2026,2026-10-20,2026-10-20,od 8:30,"Dům kultury, Dukelská 1093",Úřad práce ČR a Kultura města Mladá Boleslav,https://www.kulturamb.cz/kalendar-akci/vystava-studijnich-a-ucebnich-oboru-1336,,,2026-09-24
Plzeňský kraj,Stod,Veletrh perspektivy řemesel,20. října 2026,2026-10-20,2026-10-20,9:00–15:00,"Kulturní dům Stod, Nádražní 477",Okresní hospodářská komora Domažlice,https://posvitsinabudoucnost.cz/regionalni-akce/stod/,,,2026-09-24
Jihočeský kraj,Strakonice,Burza škol Strakonice,20. října 2026,2026-10-20,2026-10-20,8:30–15:00,"Dům kultury Strakonice, Mírová 831",Jihočeská hospodářská komora,https://www.burzyskol.cz/planovane-akce/burza-skol-ve-strakonicich-2026,,,2026-09-24
Pardubický kraj,Chrudim,Přehlídka středních škol Chrudim,21. října 2026,2026-10-21,2026-10-21,8:00–17:00,"Muzeum Chrudim, Široká 85","Chrudimská beseda a Úřad práce ČR, kontaktní pracoviště Chrudim",https://www.chrudimskabeseda.cz/akce/prehlidka-strednich-skol-odbornych-ucilist-strednich-odbornych-ucilist-a-vyssich-odbornych-skol-6/,,,2026-09-24
Karlovarský kraj,Cheb,KAM po ZŠ — přehlídka krajských středních škol,22. října 2026,2026-10-22,2026-10-22,,ISŠ Cheb,Karlovarský kraj a ISŠ Cheb,https://spsostrov.cz/prijdte-se-podivat,,,2026-09-22
Olomoucký kraj,Jeseník,Scholaris Jeseník,22. října 2026,2026-10-22,2026-10-22,,regionální škola,Schola Servis,http://scholarisburzaskol.cz/,,,2026-09-22
Středočeský kraj,Nymburk,Přehlídka středních škol Nymburk,22. října 2026,2026-10-22,2026-10-22,,regionální kulturní dům,Krajská hospodářská komora Střední Čechy,https://www.khkstrednicechy.cz/,,,2026-09-22
Olomoucký kraj,Olomouc,Burza práce a vzdělávání Olomouc,22. října 2026,2026-10-22,2026-10-22,9:00–17:00,"Výstaviště Flora Olomouc – pavilon A, Wolkerova 17",Okresní hospodářské komory Olomouckého kraje,https://burzapav.cz/,,,2026-09-24
Kraj Vysočina,Přibyslav,Burza škol Přibyslav,22. října 2026,2026-10-22,2026-10-22,16:00–17:30,"vestibul ZŠ Přibyslav, Česká 31",ZŠ Přibyslav,https://www.zspribyslav.cz/planovane-akce/burza-skol,"Místní burza pořádaná základní školou, prezentuje se na ní přes 20 středních škol z okolí.",,2026-09-24
Jihomoravský kraj,Vyškov,Tak kam?! Veletrh středních škol Vyškov,22. října 2026,2026-10-22,2026-10-22,,"Besední dům, Jana Šoupala 137",Vzdělávací institut pro Moravu,https://nevim-kam.cz/veletrhy/,,,2026-09-24
Královéhradecký kraj,Rychnov nad Kněžnou,Prezentace středních škol a zaměstnavatelů,23.–24. října 2026,2026-10-23,2026-10-24,,"Společenské centrum Rychnov nad Kněžnou, Panská 1492",Krajská hospodářská komora Královéhradeckého kraje,https://vybiramstredni.cz/program,,,2026-09-22
Jihomoravský kraj,Blansko,Tak kam?! Veletrh středních škol Blansko,3. listopadu 2026,2026-11-03,2026-11-03,,"Dělnický dům, Hybešova 1",Vzdělávací institut pro Moravu,https://nevim-kam.cz/veletrhy/,,,2026-09-24
Ústecký kraj,Chomutov,Výstava Vzdělávání Chomutov,3.–4. listopadu 2026,2026-11-03,2026-11-04,,Městská sportovní hala Chomutov,Okresní hospodářská komora Chomutov a Hospodářská a sociální rada Chomutovska,https://www.ohkcv.cz/podpora-podnikani/veletrhy-a-vystavy/vystava-vzdelavani/,,,2026-09-28
Plzeňský kraj,Tachov,Kam na školu? Tachov,3. listopadu 2026,2026-11-03,2026-11-03,9:00–16:00,"Společenský areál Mže, Hornická 1695","REVIS, vzdělávací středisko Tachov",https://www.revis-tachov.cz/kam-na-skolu-2026.html,,,2026-09-24
Liberecký kraj,Česká Lípa,Českolipská burza škol,3. listopadu 2026,2026-11-03,2026-11-03,9:00–17:00,"Kulturní dům Crystal, Boženy Němcové 2942, Česká Lípa",Českolipská burza škol a Úřad práce ČR,https://clburzaskol.cz/,,,2026-09-24
Olomoucký kraj,Šumperk,Scholaris Šumperk,3. listopadu 2026,2026-11-03,2026-11-03,,regionální škola,Schola Servis,http://scholarisburzaskol.cz/,,,2026-09-22
Středočeský kraj,Rakovník,Přehlídka středních škol Rakovník,4. listopadu 2026,2026-11-04,2026-11-04,,regionální kulturní dům,Krajská hospodářská komora Střední Čechy,https://www.khkstrednicechy.cz/,,,2026-09-22
Zlínský kraj,Zlín,Veletrh vzdělávání Zlín,4. listopadu 2026,2026-11-04,2026-11-04,,Kongresové centrum Zlín,Krajská hospodářská komora Zlínského kraje,https://www.khkzk.cz/veletrh-vzdelavani-zlin-2026,,,2026-09-22
Plzeňský kraj,Plzeň,Posviť si na budoucnost,5.–7. listopadu 2026,2026-11-05,2026-11-07,,"TechTower, Koterovská 152, Plzeň-Slovany",Plzeňský kraj / Tech Tower,https://posvitsinabudoucnost.cz/,"Čtvrtek a pátek pro školní výpravy s registrací, sobota 9:00–15:00 pro žáky a rodiče bez registrace.",,2026-09-22
Olomoucký kraj,Prostějov,Scholaris Prostějov,5. listopadu 2026,2026-11-05,2026-11-05,,Společenský dům Prostějov,Schola Servis,http://scholarisburzaskol.cz/,,,2026-09-22
Jihočeský kraj,České Budějovice,Vzdělání a řemeslo,5.–7. listopadu 2026,2026-11-05,2026-11-07,,Výstaviště České Budějovice,Výstaviště České Budějovice a.s.,https://www.vcb.cz/kalendar-akci/vzdelani-a-remeslo-2026,,,2026-09-22
Kraj Vysočina,Žďár nad Sázavou,Festival vzdělávání Žďár nad Sázavou,5. listopadu 2026,2026-11-05,2026-11-05,od 8:00,"Dům kultury, Dolní 183",KULTURA Žďár,https://www.dodzr.cz/den-otevrenych-dveri,,,2026-09-24
Ústecký kraj,Litoměřice,Techdays a Výstava škol,6.–7. listopadu 2026,2026-11-06,2026-11-07,,"Výstaviště Zahrada Čech, Na Valech 2028, Litoměřice",Městská kulturní zařízení Litoměřice a OHK Litoměřice,https://www.litomerice.cz/vypis-akci/details/2026-11-06/68558-techdays-a-vystava-skol,,,2026-09-24
Královéhradecký kraj,Náchod,Prezentace středních škol a zaměstnavatelů,6.–7. listopadu 2026,2026-11-06,2026-11-07,,"Sokolovna Náchod, Tyršova 207",Krajská hospodářská komora Královéhradeckého kraje,https://vybiramstredni.cz/program,,,2026-09-22
Ústecký kraj,Most,SOKRATES 1 — regionální veletrh středního vzdělávání,8.–9. listopadu 2026,2026-11-08,2026-11-09,,Most,Okresní hospodářská komora Most,https://www.ohk-most.cz/sokrates-31/sokrates-1-regionalni-veletrh-stredniho-vzdelavani/,,,2026-09-22
Olomoucký kraj,Přerov,Scholaris Přerov,10. listopadu 2026,2026-11-10,2026-11-10,,regionální škola,Schola Servis,http://scholarisburzaskol.cz/,,,2026-09-22
Liberecký kraj,Semily,Burza středních škol a pracovních příležitostí Semily,10. listopadu 2026,2026-11-10,2026-11-10,8:30–17:00,"KC Golf Semily, Vejvarovo nábřeží 199",OHK Semily a Úřad práce ČR,https://edu-work.eu/,,,2026-09-24
Jihomoravský kraj,Znojmo,Tak kam?! Veletrh středních škol Znojmo,10. listopadu 2026,2026-11-10,2026-11-10,,"Centrum Jízdárna, Konráda Oty",Vzdělávací institut pro Moravu,https://nevim-kam.cz/veletrhy/,,,2026-09-24
Jihočeský kraj,Blatná,Burza škol Blatná,11. listopadu 2026,2026-11-11,2026-11-11,10:00–14:00,"Komunitní centrum, Nádražní 661",Jihočeská hospodářská komora,https://www.burzyskol.cz/planovane-akce/burza-skol-v-blatne-2026,,,2026-09-24
Zlínský kraj,Uherské Hradiště,Veletrh vzdělávání Uherské Hradiště,11. listopadu 2026,2026-11-11,2026-11-11,9:00–17:00,"Klub kultury Uherské Hradiště, Hradební 1198",Krajská hospodářská komora Zlínského kraje,https://www.khkzk.cz/veletrh-vzdelavani-uherske-hradiste,,,2026-09-24
Středočeský kraj,Mělník,Přehlídka středních škol Mělník,12. listopadu 2026,2026-11-12,2026-11-12,,regionální kulturní dům,Krajská hospodářská komora Střední Čechy,https://www.khkstrednicechy.cz/,,,2026-09-22
Ústecký kraj,Žatec,Výstava škol Vzdělávání Žatec,12. listopadu 2026,2026-11-12,2026-11-12,9:00–16:00,"OA a SOŠ zemědělská a ekologická Žatec, areál sekce „Z“, Studentská 1354",OA a SOŠ zemědělská a ekologická Žatec,https://www.oazszatec.cz/dny-otevrenych-dveri/,,,2026-09-25
Královéhradecký kraj,Hradec Králové,Prezentace středních škol a zaměstnavatelů,13.–14. listopadu 2026,2026-11-13,2026-11-14,,"Kongresové centrum ALDIS, Eliščino nábřeží 375",Krajská hospodářská komora Královéhradeckého kraje,https://vybiramstredni.cz/program,,,2026-09-22
Kraj Vysočina,Jihlava,Přehlídka středních škol Vysočina,13. listopadu 2026,2026-11-13,2026-11-13,,"DKO Jihlava, Tolstého 2",DKO Jihlava s.r.o.,https://www.dko.cz/program/679-prehlidka-strednich-skol,,,2026-09-22
Jihomoravský kraj,Tišnov,Tak kam?! Veletrh středních škol Tišnov,16. listopadu 2026,2026-11-16,2026-11-16,14:00–17:00,"Základní škola Tišnov, nám. 28. října 1708",Vzdělávací institut pro Moravu,https://nevim-kam.cz/veletrhy/,,,2026-09-24
Moravskoslezský kraj,Karviná,Volba povolání Karviná,18. listopadu 2026,2026-11-18,2026-11-18,10:00–17:00,"Obecní dům Družba, Karviná-Fryštát",Úřad práce ČR – Karviná,https://www.medk.cz/akce/volba-povolani-4585,,,2026-09-24
Pardubický kraj,Pardubice,Hitparáda škol a zaměstnavatelů Pardubického kraje,20. listopadu 2026,2026-11-20,2026-11-20,,Pardubice,Krajská hospodářská komora Pardubického kraje,https://www.khkpce.cz/clanek.php?id=421,Místo konání pořadatel pro ročník 2026 zatím neuvedl; v roce 2025 se akce konala v enteria areně.,,2026-09-24
Moravskoslezský kraj,online,Online veletrh středních škol Moravskoslezského kraje,21.–30. listopadu 2026,2026-11-21,2026-11-30,,"online, veletrh-skol.msk.cz","Moravskoslezský pakt zaměstnanosti, z.s.",https://veletrh-skol.msk.cz/,termín je přibližný; Pořadatel uvádí přibližný rozsah a videohovory rozděluje podle okresů; přesný harmonogram zveřejňuje zvlášť.,,2026-09-22
Zlínský kraj,Vsetín,Veletrh vzdělávání Vsetín,24. listopadu 2026,2026-11-24,2026-11-24,8:30–17:30,"Dům kultury, Svárov 1055, Vsetín",Krajská hospodářská komora Zlínského kraje,https://www.khkzk.cz/veletrh-vzdelavani-vsetin,,,2026-09-24
Olomoucký kraj,Olomouc,Scholaris Olomouc,25.–26. listopadu 2026,2026-11-25,2026-11-26,,"Rooseveltova 79, Olomouc",Schola Servis / SŠP Olomouc,http://scholarisburzaskol.cz/,,,2026-09-22
Hlavní město Praha,Praha,Schola Pragensis,26.–28. listopadu 2026,2026-11-26,2026-11-28,"čt–pá 8:30–18:00, so 8:30–15:00","Kongresové centrum Praha, 5. května 1640/65, Praha 4",Magistrát hlavního města Prahy,https://scholapragensis.online/o-veletrhu/,,,2026-09-28
Jihomoravský kraj,Brno,Tak kam?! Veletrh středních škol Brno,27.–28. listopadu 2026,2026-11-27,2026-11-28,,"Veletrhy Brno, pavilon G2, Výstaviště 405/1",Vzdělávací institut pro Moravu,https://nevim-kam.cz/veletrhy/,,,2026-09-24
Moravskoslezský kraj,Ostrava,Student a Job Ostrava,4.–5. prosince 2026,2026-12-04,2026-12-05,,Výstaviště Černá louka Ostrava,Černá louka s.r.o.,https://www.studentajob.cz/,,,2026-09-22
