kraj,rocnik,obory,nabidek_ve_2_kole,nabidek_s_volnym_mistem,volnych_mist
Hlavní město Praha,5. třída (osmiletá gymnázia),s maturitou,7,5,36
Hlavní město Praha,7. třída (šestiletá gymnázia),s maturitou,2,1,1
Hlavní město Praha,9. třída,bez maturity,45,23,71
Hlavní město Praha,9. třída,s maturitou,137,94,1077
Jihomoravský kraj,5. třída (osmiletá gymnázia),s maturitou,3,2,12
Jihomoravský kraj,9. třída,bez maturity,127,96,494
Jihomoravský kraj,9. třída,s maturitou,106,89,664
Jihočeský kraj,5. třída (osmiletá gymnázia),s maturitou,1,0,0
Jihočeský kraj,9. třída,bez maturity,133,118,692
Jihočeský kraj,9. třída,s maturitou,83,75,644
Karlovarský kraj,9. třída,bez maturity,30,12,84
Karlovarský kraj,9. třída,s maturitou,22,16,121
Kraj Vysočina,7. třída (šestiletá gymnázia),s maturitou,1,0,0
Kraj Vysočina,9. třída,bez maturity,103,83,353
Kraj Vysočina,9. třída,s maturitou,88,81,498
Královéhradecký kraj,5. třída (osmiletá gymnázia),s maturitou,4,0,0
Královéhradecký kraj,9. třída,bez maturity,78,56,356
Královéhradecký kraj,9. třída,s maturitou,71,64,460
Liberecký kraj,5. třída (osmiletá gymnázia),s maturitou,2,0,0
Liberecký kraj,9. třída,bez maturity,42,22,96
Liberecký kraj,9. třída,s maturitou,32,21,83
Moravskoslezský kraj,5. třída (osmiletá gymnázia),s maturitou,6,3,14
Moravskoslezský kraj,7. třída (šestiletá gymnázia),s maturitou,5,3,7
Moravskoslezský kraj,9. třída,bez maturity,140,112,835
Moravskoslezský kraj,9. třída,s maturitou,114,95,695
Olomoucký kraj,5. třída (osmiletá gymnázia),s maturitou,1,0,0
Olomoucký kraj,9. třída,bez maturity,109,90,518
Olomoucký kraj,9. třída,s maturitou,79,69,490
Pardubický kraj,5. třída (osmiletá gymnázia),s maturitou,5,1,2
Pardubický kraj,9. třída,bez maturity,67,55,336
Pardubický kraj,9. třída,s maturitou,56,50,361
Plzeňský kraj,5. třída (osmiletá gymnázia),s maturitou,1,0,0
Plzeňský kraj,9. třída,bez maturity,56,43,367
Plzeňský kraj,9. třída,s maturitou,54,45,382
Středočeský kraj,5. třída (osmiletá gymnázia),s maturitou,2,0,0
Středočeský kraj,9. třída,bez maturity,152,106,525
Středočeský kraj,9. třída,s maturitou,109,85,699
Zlínský kraj,5. třída (osmiletá gymnázia),s maturitou,1,0,0
Zlínský kraj,7. třída (šestiletá gymnázia),s maturitou,2,1,2
Zlínský kraj,9. třída,bez maturity,90,74,393
Zlínský kraj,9. třída,s maturitou,63,58,512
Ústecký kraj,5. třída (osmiletá gymnázia),s maturitou,3,0,0
Ústecký kraj,7. třída (šestiletá gymnázia),s maturitou,1,0,0
Ústecký kraj,9. třída,bez maturity,147,107,576
Ústecký kraj,9. třída,s maturitou,74,65,563
Česko celkem,5. třída (osmiletá gymnázia),s maturitou,36,11,64
Česko celkem,7. třída (šestiletá gymnázia),s maturitou,11,5,10
Česko celkem,9. třída,bez maturity,1319,997,5696
Česko celkem,9. třída,s maturitou,1088,907,7249
