review_id,base_key,id_2026,zamereni_2026,prihlasky_2026,kapacita_2026,candidate_2025_id,candidate_2025_zamereni,candidate_2025_prihlasky,action
1,600004961_79-41-K/61,600004961_79-41-K/61_Vytvarna_vychova,Vytvarna_vychova,189,30,600004961_79-41-K/61_estetickovýchovné_předměty___zaměření_na_VV_,estetickovýchovné_předměty___zaměření_na_VV_,,
2,600004961_79-41-K/61,600004961_79-41-K/61_Vytvarna_vychova,Vytvarna_vychova,189,30,600004961_79-41-K/61_vybrané_předměty_v_cizím_jazyce___zaměření_na_NJ_,vybrané_předměty_v_cizím_jazyce___zaměření_na_NJ_,,
3,600004961_79-41-K/61,600004961_79-41-K/61_Nemecky_jazyk,Nemecky_jazyk,327,30,600004961_79-41-K/61_estetickovýchovné_předměty___zaměření_na_VV_,estetickovýchovné_předměty___zaměření_na_VV_,,
4,600004961_79-41-K/61,600004961_79-41-K/61_Nemecky_jazyk,Nemecky_jazyk,327,30,600004961_79-41-K/61_vybrané_předměty_v_cizím_jazyce___zaměření_na_NJ_,vybrané_předměty_v_cizím_jazyce___zaměření_na_NJ_,,
5,600005143_79-41-K/61,600005143_79-41-K/61_s_vyukou_francouzstiny,s_vyukou_francouzstiny,391,30,600005143_79-41-K/61_s_posílenou_výukou_německého_jazyka,s_posílenou_výukou_německého_jazyka,,
6,600005143_79-41-K/61,600005143_79-41-K/61_s_vyukou_francouzstiny,s_vyukou_francouzstiny,391,30,600005143_79-41-K/61_s_výukou_francouzského_jazyka,s_výukou_francouzského_jazyka,,
7,600005143_79-41-K/61,600005143_79-41-K/61_s_vyukou_francouzstiny,s_vyukou_francouzstiny,391,30,600005143_79-41-K/61_s_výukou_španělského_jazyka,s_výukou_španělského_jazyka,,
8,600005143_79-41-K/61,600005143_79-41-K/61_s_posilenou_vyukou_nemciny,s_posilenou_vyukou_nemciny,581,30,600005143_79-41-K/61_s_posílenou_výukou_německého_jazyka,s_posílenou_výukou_německého_jazyka,,
9,600005143_79-41-K/61,600005143_79-41-K/61_s_posilenou_vyukou_nemciny,s_posilenou_vyukou_nemciny,581,30,600005143_79-41-K/61_s_výukou_francouzského_jazyka,s_výukou_francouzského_jazyka,,
10,600005143_79-41-K/61,600005143_79-41-K/61_s_posilenou_vyukou_nemciny,s_posilenou_vyukou_nemciny,581,30,600005143_79-41-K/61_s_výukou_španělského_jazyka,s_výukou_španělského_jazyka,,
11,600005381_39-41-L/01,600005381_39-41-L/01_Autoelektrikar_26_57_H_01,Autoelektrikar_26_57_H_01,51,6,600005381_39-41-L/01_23_68_H/01_Mechanik_opravář_motorových_vozidel,23_68_H/01_Mechanik_opravář_motorových_vozidel,,
12,600005381_39-41-L/01,600005381_39-41-L/01_Autoelektrikar_26_57_H_01,Autoelektrikar_26_57_H_01,51,6,600005381_39-41-L/01_26_57_H/01_Autoelektrikář,26_57_H/01_Autoelektrikář,,
13,600005518_79-41-K/81,600005518_79-41-K/81_Cizi_jazyky_brana_do_sveta,Cizi_jazyky_brana_do_sveta,367,30,600005518_79-41-K/81_Cizí_jazyky_–_brána_do_světa_(zaměření_na_živé_jazyky),Cizí_jazyky_–_brána_do_světa_(zaměření_na_živé_jazyky),,
14,600005950_79-41-K/41,600005950_79-41-K/41_Aspira_Rozvijime_a_podporujeme,Aspira_Rozvijime_a_podporujeme,128,84,600005950_79-41-K/41_Rozvíjíme_v_globálních_souvislostech_Praha_3,Rozvíjíme_v_globálních_souvislostech_Praha_3,,
15,600005950_79-41-K/41,600005950_79-41-K/41_Aspira_Rozvijime_a_podporujeme,Aspira_Rozvijime_a_podporujeme,128,84,600005950_79-41-K/41_Rozvíjíme_v_globálních_souvislostech_Praha_5,Rozvíjíme_v_globálních_souvislostech_Praha_5,,
16,600005950_79-41-K/41,600005950_79-41-K/41_Meda_Pro_budouci_psychology,Meda_Pro_budouci_psychology,19,26,600005950_79-41-K/41_Rozvíjíme_v_globálních_souvislostech_Praha_3,Rozvíjíme_v_globálních_souvislostech_Praha_3,,
17,600005950_79-41-K/41,600005950_79-41-K/41_Meda_Pro_budouci_psychology,Meda_Pro_budouci_psychology,19,26,600005950_79-41-K/41_Rozvíjíme_v_globálních_souvislostech_Praha_5,Rozvíjíme_v_globálních_souvislostech_Praha_5,,
18,600005950_79-41-K/41,600005950_79-41-K/41_Meda_Pro_budouci_lekare,Meda_Pro_budouci_lekare,22,26,600005950_79-41-K/41_Rozvíjíme_v_globálních_souvislostech_Praha_3,Rozvíjíme_v_globálních_souvislostech_Praha_3,,
19,600005950_79-41-K/41,600005950_79-41-K/41_Meda_Pro_budouci_lekare,Meda_Pro_budouci_lekare,22,26,600005950_79-41-K/41_Rozvíjíme_v_globálních_souvislostech_Praha_5,Rozvíjíme_v_globálních_souvislostech_Praha_5,,
20,600006018_79-41-K/81,600006018_79-41-K/81_8lete_PORG_Brno,8lete_PORG_Brno,109,26,"600006018_79-41-K/81_8leté_Nový_PORG,_Praha_4","8leté_Nový_PORG,_Praha_4",,
21,600006018_79-41-K/81,600006018_79-41-K/81_8lete_PORG_Brno,8lete_PORG_Brno,109,26,"600006018_79-41-K/81_8leté_PORG_Libeň,_Praha_8","8leté_PORG_Libeň,_Praha_8",,
22,600006018_79-41-K/81,600006018_79-41-K/81_8lete_PORG_Brno,8lete_PORG_Brno,109,26,600006018_79-41-K/81_8leté_PORG_Ostrava,8leté_PORG_Ostrava,,
23,600006905_26-41-M/01,600006905_26-41-M/01_Aplikace_elektrotechniky_zamereni_Automatizace_a_robotika,Aplikace_elektrotechniky_zamereni_Automatizace_a_robotika,46,15,600006905_26-41-M/01_Aplikace_elektrotechniky___Automatizační_technika,Aplikace_elektrotechniky___Automatizační_technika,,
24,600006905_26-41-M/01,600006905_26-41-M/01_Aplikace_elektrotechniky_zamereni_Automatizace_a_robotika,Aplikace_elektrotechniky_zamereni_Automatizace_a_robotika,46,15,600006905_26-41-M/01_Aplikace_elektrotechniky___Elektroenergetika,Aplikace_elektrotechniky___Elektroenergetika,,
25,600007278_41-41-M/01,600007278_41-41-M/01_Moderni_zemedelstvi_a_nove_technologie,Moderni_zemedelstvi_a_nove_technologie,40,30,600007278_41-41-M/01_zemědělský_provoz,zemědělský_provoz,,
26,600008193_23-45-L/01,600008193_23-45-L/01_Mechanik_serizovac_Obrabec_kovu_L0_H,Mechanik_serizovac_Obrabec_kovu_L0_H,20,30,600008193_23-45-L/01_Mechanik_seřizovač_+_Obráběč_kovů_(L0+H),Mechanik_seřizovač_+_Obráběč_kovů_(L0+H),,
27,600008193_23-45-L/01,600008193_23-45-L/01_Mechanik_serizovac_Obrabec_kovu_L0_H,Mechanik_serizovac_Obrabec_kovu_L0_H,20,30,600008193_23-45-L/01_Mechatronik_+_Elektromechanik_pro_zařízení_a_přístroje_(L0+H),Mechatronik_+_Elektromechanik_pro_zařízení_a_přístroje_(L0+H),,
28,600008193_23-45-L/01,600008193_23-45-L/01_Mechanik_serizovac_mechatronik_Elektromechanik_pro_zarizeni_a_pristroje_L0_H,Mechanik_serizovac_mechatronik_Elektromechanik_pro_zarizeni_a_pristroje_L0_H,74,30,600008193_23-45-L/01_Mechanik_seřizovač_+_Obráběč_kovů_(L0+H),Mechanik_seřizovač_+_Obráběč_kovů_(L0+H),,
29,600008193_23-45-L/01,600008193_23-45-L/01_Mechanik_serizovac_mechatronik_Elektromechanik_pro_zarizeni_a_pristroje_L0_H,Mechanik_serizovac_mechatronik_Elektromechanik_pro_zarizeni_a_pristroje_L0_H,74,30,600008193_23-45-L/01_Mechatronik_+_Elektromechanik_pro_zařízení_a_přístroje_(L0+H),Mechatronik_+_Elektromechanik_pro_zařízení_a_přístroje_(L0+H),,
30,600009459_79-42-K/41,600009459_79-42-K/41_Sportovni_strelba,Sportovni_strelba,3,2,600009459_79-42-K/41_volejbal_(jen_dívky),volejbal_(jen_dívky),,
31,600009831_79-41-K/41,600009831_79-41-K/41_Inspirace_a_vzdelani_v_souvislostech,Inspirace_a_vzdelani_v_souvislostech,62,30,600009831_79-41-K/41_Inspirace_a_poznání_v_souvislostech,Inspirace_a_poznání_v_souvislostech,,
32,600010198_79-41-K/41,600010198_79-41-K/41_79_41_K_41_Vseobecne,79_41_K_41_Vseobecne,123,60,600010198_79-41-K/41_79_41_K/41___humanitní_zaměření,79_41_K/41___humanitní_zaměření,,
33,600010198_79-41-K/41,600010198_79-41-K/41_79_41_K_41_Vseobecne,79_41_K_41_Vseobecne,123,60,600010198_79-41-K/41_79_41_K/41___všeobecné_zaměření,79_41_K/41___všeobecné_zaměření,,
34,600010198_79-41-K/41,600010198_79-41-K/41_79_41_K_41_Humanitni,79_41_K_41_Humanitni,59,30,600010198_79-41-K/41_79_41_K/41___humanitní_zaměření,79_41_K/41___humanitní_zaměření,,
35,600010198_79-41-K/41,600010198_79-41-K/41_79_41_K_41_Humanitni,79_41_K_41_Humanitni,59,30,600010198_79-41-K/41_79_41_K/41___všeobecné_zaměření,79_41_K/41___všeobecné_zaměření,,
36,600011534_23-45-L/01,600011534_23-45-L/01_Robotika_23_56_H_01_Obrabec_kovu,Robotika_23_56_H_01_Obrabec_kovu,9,24,600011534_23-45-L/01_Programátor_CNC_(+_23_56_H/01_Obráběč_kovů),Programátor_CNC_(+_23_56_H/01_Obráběč_kovů),,
37,600011534_23-45-L/01,600011534_23-45-L/01_Robotika_23_56_H_01_Obrabec_kovu,Robotika_23_56_H_01_Obrabec_kovu,9,24,600011534_23-45-L/01_Robotika_(+_23_56_H/01_Obráběč_kovů),Robotika_(+_23_56_H/01_Obráběč_kovů),,
38,600011534_23-45-L/01,600011534_23-45-L/01_Programator_CNC_23_56_H_01_Obrabec_kovu,Programator_CNC_23_56_H_01_Obrabec_kovu,21,24,600011534_23-45-L/01_Programátor_CNC_(+_23_56_H/01_Obráběč_kovů),Programátor_CNC_(+_23_56_H/01_Obráběč_kovů),,
39,600011534_23-45-L/01,600011534_23-45-L/01_Programator_CNC_23_56_H_01_Obrabec_kovu,Programator_CNC_23_56_H_01_Obrabec_kovu,21,24,600011534_23-45-L/01_Robotika_(+_23_56_H/01_Obráběč_kovů),Robotika_(+_23_56_H/01_Obráběč_kovů),,
40,600012271_78-42-M/02,600012271_78-42-M/02_Ekonomicke_lyceum_s_rozsirenou_vyukou_anglickeho_jazyka,Ekonomicke_lyceum_s_rozsirenou_vyukou_anglickeho_jazyka,52,15,600012271_78-42-M/02,,,
41,600012590_18-20-M/01,600012590_18-20-M/01_Pocitacove_site_a_programovani,Pocitacove_site_a_programovani,70,30,600012590_18-20-M/01_Aplikace_počítačů_a_správa_sítí,Aplikace_počítačů_a_správa_sítí,,
42,600015297_63-41-M/01,600015297_63-41-M/01_zamereni_Sportovni_management,zamereni_Sportovni_management,46,30,600015297_63-41-M/01_Ekonomika_a_podnikání_zaměření_Management_v_reklamě_a_médiích,Ekonomika_a_podnikání_zaměření_Management_v_reklamě_a_médiích,,
43,600015572_63-41-M/01,600015572_63-41-M/01_Podnikani_v_kynologii,Podnikani_v_kynologii,4,30,600015572_63-41-M/01_Ekonomika_a_bezpečnost_podniku,Ekonomika_a_bezpečnost_podniku,,
44,600015572_63-41-M/01,600015572_63-41-M/01_Podnikani_v_kynologii,Podnikani_v_kynologii,4,30,600015572_63-41-M/01_Komerční_právo,Komerční_právo,,
45,600016358_63-41-M/01,600016358_63-41-M/01_Cestovni_ruch,Cestovni_ruch,71,23,600016358_63-41-M/01_Podnikání_v_euroregionu_a_služby_v_cestovním_ruchu,Podnikání_v_euroregionu_a_služby_v_cestovním_ruchu,,
46,600016374_18-20-M/01,600016374_18-20-M/01_Kyberbezpecnost_pocitacovych_siti,Kyberbezpecnost_pocitacovych_siti,80,29,600016374_18-20-M/01_Počítačové_sítě_/_kyberbezpečnost,Počítačové_sítě_/_kyberbezpečnost,,
47,600016374_18-20-M/01,600016374_18-20-M/01_Kyberbezpecnost_pocitacovych_siti,Kyberbezpecnost_pocitacovych_siti,80,29,600016374_18-20-M/01_Programování_/_internet_věcí,Programování_/_internet_věcí,,
48,600016625_65-42-M/01,600016625_65-42-M/01,,29,17,600016625_65-42-M/01_Hotelnictví,Hotelnictví,,
49,600016901_18-20-M/01,600016901_18-20-M/01_Multimedia,Multimedia,28,16,600016901_18-20-M/01_Počítačová_grafika_,Počítačová_grafika_,,
50,600016935_79-41-K/41,600016935_79-41-K/41_telesna_vychova,telesna_vychova,113,28,600016935_79-41-K/41_TV,TV,,
51,600016935_79-41-K/41,600016935_79-41-K/41_telesna_vychova,telesna_vychova,113,28,600016935_79-41-K/41_ŠJ,ŠJ,,
52,600017133_26-41-L/01,600017133_26-41-L/01_26_51_H_02_Elektrikar_silnoproud,26_51_H_02_Elektrikar_silnoproud,94,30,600017133_26-41-L/01_silnoproudá_zařízení___L0+H_mechanik_elektrotechnik_silnoproudá_zařízení_+_Elektrikář_silnoproud,silnoproudá_zařízení___L0+H_mechanik_elektrotechnik_silnoproudá_zařízení_+_Elektrikář_silnoproud,,
53,600017460_63-41-M/02,600017460_63-41-M/02_marketing_a_digitalni_technologie,marketing_a_digitalni_technologie,163,30,600017460_63-41-M/02__s_rozšířenou_výukou_marketingu_a_digitálních_technologií,_s_rozšířenou_výukou_marketingu_a_digitálních_technologií,,
54,600170080_79-41-K/41,600170080_79-41-K/41_Elektromobility,Elektromobility,32,30,600170080_79-41-K/41_Elektromobilita,Elektromobilita,,
55,600170080_79-41-K/41,600170080_79-41-K/41_Elektromobility,Elektromobility,32,30,600170080_79-41-K/41_Multimédia,Multimédia,,
56,600170080_79-41-K/41,600170080_79-41-K/41_Multimedii,Multimedii,100,30,600170080_79-41-K/41_Elektromobilita,Elektromobilita,,
57,600170080_79-41-K/41,600170080_79-41-K/41_Multimedii,Multimedii,100,30,600170080_79-41-K/41_Multimédia,Multimédia,,
58,600170837_39-41-L/01,600170837_39-41-L/01_23_68_H_01_Mechanik_opravar_motorovych_vozidel,23_68_H_01_Mechanik_opravar_motorovych_vozidel,122,24,600170837_39-41-L/01_Automechanik,Automechanik,,
59,600171728_79-41-K/81,600171728_79-41-K/81_s_rozsirenou_vyukou_telesne_vychovy,s_rozsirenou_vyukou_telesne_vychovy,189,31,600171728_79-41-K/81_s_rozšířenou_výukou_TV,s_rozšířenou_výukou_TV,,
60,600171744_79-42-K/41,600171744_79-42-K/41_volejbal_divky,volejbal_divky,8,5,600171744_79-42-K/41_atletika,atletika,,
61,600171744_79-42-K/41,600171744_79-42-K/41_volejbal_divky,volejbal_divky,8,5,600171744_79-42-K/41_basketbal___dívky,basketbal___dívky,,
62,600171744_79-42-K/41,600171744_79-42-K/41_volejbal_divky,volejbal_divky,8,5,600171744_79-42-K/41_biatlon,biatlon,,
63,600171744_79-42-K/41,600171744_79-42-K/41_volejbal_divky,volejbal_divky,8,5,600171744_79-42-K/41_běžecké_lyžování,běžecké_lyžování,,
64,600171744_79-42-K/41,600171744_79-42-K/41_volejbal_divky,volejbal_divky,8,5,600171744_79-42-K/41_tenis,tenis,,
65,600171744_79-42-K/41,600171744_79-42-K/41_skikros,skikros,4,4,600171744_79-42-K/41_atletika,atletika,,
66,600171744_79-42-K/41,600171744_79-42-K/41_skikros,skikros,4,4,600171744_79-42-K/41_basketbal___dívky,basketbal___dívky,,
67,600171744_79-42-K/41,600171744_79-42-K/41_skikros,skikros,4,4,600171744_79-42-K/41_biatlon,biatlon,,
68,600171744_79-42-K/41,600171744_79-42-K/41_skikros,skikros,4,4,600171744_79-42-K/41_běžecké_lyžování,běžecké_lyžování,,
69,600171744_79-42-K/41,600171744_79-42-K/41_skikros,skikros,4,4,600171744_79-42-K/41_tenis,tenis,,
70,600171744_79-42-K/41,600171744_79-42-K/41_cyklistika,cyklistika,8,6,600171744_79-42-K/41_atletika,atletika,,
71,600171744_79-42-K/41,600171744_79-42-K/41_cyklistika,cyklistika,8,6,600171744_79-42-K/41_basketbal___dívky,basketbal___dívky,,
72,600171744_79-42-K/41,600171744_79-42-K/41_cyklistika,cyklistika,8,6,600171744_79-42-K/41_biatlon,biatlon,,
73,600171744_79-42-K/41,600171744_79-42-K/41_cyklistika,cyklistika,8,6,600171744_79-42-K/41_běžecké_lyžování,běžecké_lyžování,,
74,600171744_79-42-K/41,600171744_79-42-K/41_cyklistika,cyklistika,8,6,600171744_79-42-K/41_tenis,tenis,,
75,610100530_37-41-M/01,610100530_37-41-M/01_Vnitrostatni_a_mezinarodni_doprava,Vnitrostatni_a_mezinarodni_doprava,57,30,610100530_37-41-M/01_Vnitrostátní_a_mezinárodní_autodoprava,Vnitrostátní_a_mezinárodní_autodoprava,,
76,691000107_23-41-M/01,691000107_23-41-M/01,,37,20,691000107_23-41-M/01_Strojírenství,Strojírenství,,
77,691018707_79-42-K/41,691018707_79-42-K/41_rugby_79_42_K_41,rugby_79_42_K_41,25,8,691018707_79-42-K/41_ragby,ragby,,
78,691018707_79-42-K/41,691018707_79-42-K/41_triatlon_79_42_K_41,triatlon_79_42_K_41,4,4,691018707_79-42-K/41_ragby,ragby,,
